1;1;legumes/salade/batavia_blonde.jpg;
2;2;legumes/salade/batavia_brune.png;
3;3;legumes/salade/laitue_blonde.jpg;
4;4;legumes/salade/laitue_brune.jpg;
5;5;legumes/salade/sucrine.jpg;
6;6;legumes/salade/rougette.jpg;
7;7;legumes/salade/iceberg.jpg;
8;8;legumes/salade/reine_glace.jpg;
9;9;legumes/salade/chene_blonde.jpg;
10;10;legumes/salade/chene_brune.png;
11;11;legumes/salade/chene_coupe.jpg;
12;12;legumes/salade/romaine_blonde.jpg;
13;13;legumes/salade/romaine_brune.jpg;
14;14;legumes/salade/scarole.jpg;
15;15;legumes/salade/frise.jpg;
16;16;legumes/salade/verone.jpg;
17;17;legumes/salade/pain_sucre.jpg;
18;18;legumes/salade/cornette.jpg;
19;19;legumes/salade/passion.jpg;
20;20;legumes/salade/epinard.jpg;
21;21;legumes/salade/mache.jpg;
22;22;legumes/chou/cabus.jpg;
23;23;legumes/chou/frise.jpg;
24;24;legumes/chou/fleur.jpg;
25;25;legumes/chou/brocoli.jpg;
26;26;legumes/chou/bruxelle.jpg;
27;27;legumes/chou/romanesco.jpg;
28;28;legumes/chou/romanesco.jpg;
29;29;legumes/chou/rave-rouge.jpg;
30;30;legumes/chou/kale.jpg;
31;31;legumes/chou/pontoise.jpg;
32;32;legumes/chou/fleur_vert.jpg;
33;33;legumes/chou/fourrager.jpg;
34;34;legumes/chou/chine.jpg;
35;35;legumes/curcubitace/courgette/long_vert.jpg;
36;36;legumes/curcubitace/courgette/rond_vert.jpg;
37;37;legumes/curcubitace/courgette/longue_jaune.jpg;
38;38;legumes/curcubitace/courgette/longue_blanc.jpg;
39;39;legumes/curcubitace/melon/melon-2314618_1920.jpg;
40;40;legumes/curcubitace/melon/charentais.jpg;
41;41;legumes/curcubitace/pasteque/melon_eau.jpg;
42;42;legumes/curcubitace/pasteque/confiture.jpg;
43;43;legumes/curcubitace/concombre/lisse.jpg;
44;44;legumes/curcubitace/concombre/epineux.jpg;
45;45;legumes/curcubitace/autre/courge.jpg;
46;46;legumes/curcubitace/autre/patisson.jpg;
47;47;legumes/curcubitace/autre/potimaron.jpg;
48;48;legumes/curcubitace/autre/butternut.jpg;
49;49;legumes/curcubitace/autre/carat.jpg;
50;50;legumes/curcubitace/autre/spaghetti.jpg;
51;51;legumes/tomate/tradi/moyenne.jpg;
52;52;legumes/tomate/tradi/moyenne.jpg;
53;53;legumes/tomate/tradi/moyenne.jpg;
54;54;legumes/tomate/tradi/moyenne.jpg;
55;55;legumes/tomate/tradi/moyenne.jpg;
56;56;legumes/tomate/tradi/moyenne.jpg;
57;57;legumes/tomate/tradi/moyenne.jpg;
58;58;legumes/tomate/tradi/moyenne.jpg;
59;59;legumes/tomate/tradi/grosse.jpg;
60;60;legumes/tomate/tradi/grosse.jpg;
61;61;legumes/tomate/tradi/roma.jpg;
62;62;legumes/tomate/collection/cerise.jpg;
63;63;legumes/tomate/collection/cerise_jaune.jpg;
64;64;legumes/tomate/collection/cerise_poire.jpg;
65;65;legumes/tomate/collection/cerise.jpg;
66;66;default;
67;67;legumes/tomate/collection/jaune.jpg;
68;68;legumes/tomate/tradi/grosse.jpg;
69;69;default;
70;70;legumes/tomate/collection/ananas.jpg;
71;71;legumes/tomate/collection/andine.jpg;
72;72;legumes/tomate/collection/noire.png;
73;73;legumes/tomate/collection/rose_berne.jpg;
74;74;legumes/aromatique/persil.jpg;
75;75;legumes/aromatique/persil_frise.jpg;
76;76;legumes/aromatique/ciboulette.jpg;
77;77;legumes/aromatique/basilic_gros.jpg;
78;78;legumes/aromatique/basilic_fin.jpg;
79;79;legumes/aromatique/basilic_rouge.jpg;
80;80;legumes/aromatique/oseille.jpg;
81;81;legumes/aromatique/coriandre.jpg;
82;82;legumes/aromatique/ache_montagne.jpg;
83;83;legumes/aromatique/rhubarbe.jpg;
84;84;legumes/aromatique/cerfeuil.jpg;
85;85;legumes/aromatique/verveine_citron.jpg;
86;86;default;
87;87;legumes/aromatique/menthe.jpg;
88;88;legumes/aromatique/menthe.jpg;
89;89;legumes/aromatique/menthe.jpg;
90;90;legumes/aromatique/menthe.jpg;
91;91;legumes/aromatique/menthe.jpg;
92;92;legumes/aromatique/laurier.jpg;
93;93;legumes/aromatique/sauge_officinale.jpg;
94;94;legumes/divers/fenouil/fenouil_bronze.jpg;
95;95;legumes/aromatique/ache_montagne.jpg;
96;96;default;
97;97;legumes/aromatique/thym.jpg;
98;98;legumes/aromatique/origan.jpg;
99;99;legumes/divers/artichaud/gros_vert.jpg;
100;100;legumes/divers/artichaud/petit_violet.jpg;
101;101;legumes/fraise/printeniere/gariguette.jpg;
102;102;legumes/fraise/remontantes/agathe.jpg;
103;103;legumes/fraise/remontantes/anais.jpg;
104;104;legumes/fraise/remontantes/marigette.jpg;
105;105;legumes/fraise/remontantes/mara_bois.jpg;
106;106;legumes/fraise/remontantes/marigette.jpg;
107;107;legumes/fraise/printeniere/gento.jpg;
108;108;default;
109;109;legumes/divers/patate/patate_douce.jpg;
110;110;legumes/divers/asperge/blanche.jpg;
111;111;legumes/divers/asperge/verte.jpg;
112;112;legumes/divers/blette/blette.jpg;
113;113;legumes/divers/blette/blette.jpg;
114;114;legumes/divers/celeri/celeri_rave.jpg;
115;115;legumes/divers/celeri/celeri_branche.jpg;
116;116;legumes/divers/celeri/celeri_branche_perpetuel.jpg;
117;117;legumes/divers/fenouil/fenouil.jpg;
118;118;legumes/aubergine/blanche_long.jpg;
119;119;legumes/aubergine/strille.jpg;
120;120;legumes/aubergine/violet_long.jpg;
121;121;legumes/aubergine/violet_rond.jpg;
122;122;legumes/poivron_piment/rouge.jpg;
123;123;legumes/poivron_piment/jaune.jpeg;
124;124;legumes/poivron_piment/piment_doux.jpg;
125;125;legumes/poivron_piment/sweet-peppers-499068_1920.jpg;
126;126;legumes/poivron_piment/piment_rouge.jpg;
127;127;legumes/poivron_piment/piment_rouge.jpg;
128;128;legumes/poivron_piment/piment_vert.jpg;
129;129;legumes/oignon_poireau/rond_jaune.jpg;
130;130;legumes/oignon_poireau/rond_jaune.jpg;
131;131;legumes/oignon_poireau/long_jaune.jpg;
132;132;legumes/oignon_poireau/rond_jaune.jpg;
133;133;legumes/oignon_poireau/rond_jaune.jpg;
134;134;legumes/oignon_poireau/rond_rouge.jpg;
135;135;legumes/oignon_poireau/long_rouge.jpg;
136;136;legumes/oignon_poireau/rond_blanc.jpg;
137;137;legumes/oignon_poireau/poireau.jpg;
138;138;legumes/oignon_poireau/poireau.jpg;
